adcode,name,shortName,unitType,parentAdcode,provinceName,region7,region4,capital,playable_3d,contentTier,packId,status,aliases
110000,北京市,京,municipality,,北京市,华北,北方地区,北京,false,S,beijing,live,"京,首都"
120000,天津市,津,municipality,,天津市,华北,北方地区,天津,false,A,tianjin,live,津
130000,河北省,冀,province,,河北省,华北,北方地区,石家庄,false,B,shijiazhuang,live,冀
140000,山西省,晋,province,,山西省,华北,北方地区,太原,false,B,taiyuan,live,晋
150000,内蒙古自治区,内蒙古,autonomous_region,,内蒙古自治区,华北,北方地区,呼和浩特,false,B,hohhot,live,"内蒙古,内蒙"
210000,辽宁省,辽,province,,辽宁省,东北,北方地区,沈阳,false,B,shenyang,live,辽
220000,吉林省,吉,province,,吉林省,东北,北方地区,长春,false,B,changchun,live,吉
230000,黑龙江省,黑,province,,黑龙江省,东北,北方地区,哈尔滨,false,A,harbin,live,黑
310000,上海市,沪,municipality,,上海市,华东,南方地区,上海,false,S,shanghai,live,"沪,申"
320000,江苏省,苏,province,,江苏省,华东,南方地区,南京,false,B,nanjing,live,苏
330000,浙江省,浙,province,,浙江省,华东,南方地区,杭州,false,B,hangzhou,live,浙
340000,安徽省,皖,province,,安徽省,华东,南方地区,合肥,false,B,hefei,live,皖
350000,福建省,闽,province,,福建省,华东,南方地区,福州,false,B,fuzhou,live,闽
360000,江西省,赣,province,,江西省,华东,南方地区,南昌,false,B,nanchang,live,赣
370000,山东省,鲁,province,,山东省,华东,北方地区,济南,false,B,jinan,live,鲁
410000,河南省,豫,province,,河南省,华中,北方地区,郑州,false,B,zhengzhou,live,豫
420000,湖北省,鄂,province,,湖北省,华中,南方地区,武汉,false,A,wuhan,live,鄂
430000,湖南省,湘,province,,湖南省,华中,南方地区,长沙,false,B,changsha,live,湘
440000,广东省,粤,province,,广东省,华南,南方地区,广州,false,S,guangzhou,live,粤
450000,广西壮族自治区,桂,autonomous_region,,广西壮族自治区,华南,南方地区,南宁,false,B,nanning,live,"桂,广西"
460000,海南省,琼,province,,海南省,华南,南方地区,海口,false,B,haikou,live,琼
500000,重庆市,渝,municipality,,重庆市,西南,南方地区,重庆,false,S,chongqing,live,渝
510000,四川省,川,province,,四川省,西南,南方地区,成都,false,S,chengdu,live,"川,蜀"
520000,贵州省,贵,province,,贵州省,西南,南方地区,贵阳,false,B,guiyang,live,"贵,黔"
530000,云南省,云,province,,云南省,西南,南方地区,昆明,false,B,kunming,live,"云,滇"
540000,西藏自治区,藏,autonomous_region,,西藏自治区,西南,青藏地区,拉萨,false,B,lhasa,live,"藏,西藏"
610000,陕西省,陕,province,,陕西省,西北,北方地区,西安,false,S,xian,live,"陕,秦"
620000,甘肃省,甘,province,,甘肃省,西北,西北地区,兰州,false,B,lanzhou,live,"甘,陇"
630000,青海省,青,province,,青海省,西北,青藏地区,西宁,false,B,xining,live,青
640000,宁夏回族自治区,宁,autonomous_region,,宁夏回族自治区,西北,西北地区,银川,false,B,yinchuan,live,"宁,宁夏"
650000,新疆维吾尔自治区,新,autonomous_region,,新疆维吾尔自治区,西北,西北地区,乌鲁木齐,false,B,urumqi,live,"新,新疆"
710000,台湾省,台,province,,台湾省,华东,南方地区,台北,false,D,taipei,live,"台,台湾"
810000,香港特别行政区,港,sar,,香港特别行政区,华南,南方地区,香港,false,S,hongkong,live,"港,香港"
820000,澳门特别行政区,澳,sar,,澳门特别行政区,华南,南方地区,澳门,false,A,macau,live,"澳,澳门"
130100,石家庄市,,prefecture_city,130000,河北省,华北,北方地区,石家庄,true,A,shijiazhuang,live,
130200,唐山市,,prefecture_city,130000,河北省,华北,北方地区,唐山,true,B,tangshan,live,
130300,秦皇岛市,,prefecture_city,130000,河北省,华北,北方地区,秦皇岛,false,B,,placeholder,
130400,邯郸市,,prefecture_city,130000,河北省,华北,北方地区,邯郸,true,B,handan,live,
130500,邢台市,,prefecture_city,130000,河北省,华北,北方地区,邢台,false,B,,placeholder,
130600,保定市,,prefecture_city,130000,河北省,华北,北方地区,保定,true,B,baoding,live,
130700,张家口市,,prefecture_city,130000,河北省,华北,北方地区,张家口,false,B,,placeholder,
130800,承德市,,prefecture_city,130000,河北省,华北,北方地区,承德,false,B,,placeholder,
130900,沧州市,,prefecture_city,130000,河北省,华北,北方地区,沧州,false,B,,placeholder,
131000,廊坊市,,prefecture_city,130000,河北省,华北,北方地区,廊坊,false,B,,placeholder,
131100,衡水市,,prefecture_city,130000,河北省,华北,北方地区,衡水,false,B,,placeholder,
140100,太原市,,prefecture_city,140000,山西省,华北,北方地区,太原,true,A,taiyuan,live,
140200,大同市,,prefecture_city,140000,山西省,华北,北方地区,大同,true,B,datong,live,
140300,阳泉市,,prefecture_city,140000,山西省,华北,北方地区,阳泉,false,B,,placeholder,
140400,长治市,,prefecture_city,140000,山西省,华北,北方地区,长治,false,B,,placeholder,
140500,晋城市,,prefecture_city,140000,山西省,华北,北方地区,晋城,false,B,,placeholder,
140600,朔州市,,prefecture_city,140000,山西省,华北,北方地区,朔州,false,B,,placeholder,
140700,晋中市,,prefecture_city,140000,山西省,华北,北方地区,晋中,false,B,,placeholder,
140800,运城市,,prefecture_city,140000,山西省,华北,北方地区,运城,false,B,,placeholder,
140900,忻州市,,prefecture_city,140000,山西省,华北,北方地区,忻州,false,B,,placeholder,
141000,临汾市,,prefecture_city,140000,山西省,华北,北方地区,临汾,false,B,,placeholder,
141100,吕梁市,,prefecture_city,140000,山西省,华北,北方地区,吕梁,false,B,,placeholder,
150100,呼和浩特市,,prefecture_city,150000,内蒙古自治区,华北,北方地区,呼和浩特,true,A,hohhot,live,
150200,包头市,,prefecture_city,150000,内蒙古自治区,华北,北方地区,包头,true,B,baotou,live,
150300,乌海市,,prefecture_city,150000,内蒙古自治区,华北,北方地区,乌海,false,B,,placeholder,
150400,赤峰市,,prefecture_city,150000,内蒙古自治区,华北,北方地区,赤峰,false,B,,placeholder,
150500,通辽市,,prefecture_city,150000,内蒙古自治区,华北,北方地区,通辽,false,B,,placeholder,
150600,鄂尔多斯市,,prefecture_city,150000,内蒙古自治区,华北,北方地区,鄂尔多斯,false,B,,placeholder,
150700,呼伦贝尔市,,prefecture_city,150000,内蒙古自治区,华北,北方地区,呼伦贝尔,false,B,,placeholder,
150800,巴彦淖尔市,,prefecture_city,150000,内蒙古自治区,华北,北方地区,巴彦淖尔,false,B,,placeholder,
150900,乌兰察布市,,prefecture_city,150000,内蒙古自治区,华北,北方地区,乌兰察布,false,B,,placeholder,
152200,兴安盟,,league,150000,内蒙古自治区,华北,北方地区,兴安,false,C,,placeholder,
152500,锡林郭勒盟,,league,150000,内蒙古自治区,华北,北方地区,锡林郭勒,false,C,,placeholder,
152900,阿拉善盟,,league,150000,内蒙古自治区,华北,北方地区,阿拉善,false,C,,placeholder,
210100,沈阳市,,prefecture_city,210000,辽宁省,东北,北方地区,沈阳,true,A,shenyang,live,
210200,大连市,,prefecture_city,210000,辽宁省,东北,北方地区,大连,true,B,dalian,live,
210300,鞍山市,,prefecture_city,210000,辽宁省,东北,北方地区,鞍山,false,B,,placeholder,
210400,抚顺市,,prefecture_city,210000,辽宁省,东北,北方地区,抚顺,false,B,,placeholder,
210500,本溪市,,prefecture_city,210000,辽宁省,东北,北方地区,本溪,false,B,,placeholder,
210600,丹东市,,prefecture_city,210000,辽宁省,东北,北方地区,丹东,false,B,,placeholder,
210700,锦州市,,prefecture_city,210000,辽宁省,东北,北方地区,锦州,false,B,,placeholder,
210800,营口市,,prefecture_city,210000,辽宁省,东北,北方地区,营口,false,B,,placeholder,
210900,阜新市,,prefecture_city,210000,辽宁省,东北,北方地区,阜新,false,B,,placeholder,
211000,辽阳市,,prefecture_city,210000,辽宁省,东北,北方地区,辽阳,false,B,,placeholder,
211100,盘锦市,,prefecture_city,210000,辽宁省,东北,北方地区,盘锦,false,B,,placeholder,
211200,铁岭市,,prefecture_city,210000,辽宁省,东北,北方地区,铁岭,false,B,,placeholder,
211300,朝阳市,,prefecture_city,210000,辽宁省,东北,北方地区,朝阳,false,B,,placeholder,
211400,葫芦岛市,,prefecture_city,210000,辽宁省,东北,北方地区,葫芦岛,false,B,,placeholder,
220100,长春市,,prefecture_city,220000,吉林省,东北,北方地区,长春,true,A,changchun,live,
220200,吉林市,,prefecture_city,220000,吉林省,东北,北方地区,吉林,true,B,jilin,live,
220300,四平市,,prefecture_city,220000,吉林省,东北,北方地区,四平,false,B,,placeholder,
220400,辽源市,,prefecture_city,220000,吉林省,东北,北方地区,辽源,false,B,,placeholder,
220500,通化市,,prefecture_city,220000,吉林省,东北,北方地区,通化,false,B,,placeholder,
220600,白山市,,prefecture_city,220000,吉林省,东北,北方地区,白山,false,B,,placeholder,
220700,松原市,,prefecture_city,220000,吉林省,东北,北方地区,松原,false,B,,placeholder,
220800,白城市,,prefecture_city,220000,吉林省,东北,北方地区,白城,false,B,,placeholder,
222400,延边朝鲜族自治州,,autonomous_prefecture,220000,吉林省,东北,北方地区,延边朝鲜,false,C,,placeholder,
230100,哈尔滨市,,prefecture_city,230000,黑龙江省,东北,北方地区,哈尔滨,true,A,harbin,live,
230200,齐齐哈尔市,,prefecture_city,230000,黑龙江省,东北,北方地区,齐齐哈尔,true,B,qiqihar,live,
230300,鸡西市,,prefecture_city,230000,黑龙江省,东北,北方地区,鸡西,false,B,,placeholder,
230400,鹤岗市,,prefecture_city,230000,黑龙江省,东北,北方地区,鹤岗,false,B,,placeholder,
230500,双鸭山市,,prefecture_city,230000,黑龙江省,东北,北方地区,双鸭山,false,B,,placeholder,
230600,大庆市,,prefecture_city,230000,黑龙江省,东北,北方地区,大庆,false,B,,placeholder,
230700,伊春市,,prefecture_city,230000,黑龙江省,东北,北方地区,伊春,false,B,,placeholder,
230800,佳木斯市,,prefecture_city,230000,黑龙江省,东北,北方地区,佳木斯,false,B,,placeholder,
230900,七台河市,,prefecture_city,230000,黑龙江省,东北,北方地区,七台河,false,B,,placeholder,
231000,牡丹江市,,prefecture_city,230000,黑龙江省,东北,北方地区,牡丹江,false,B,,placeholder,
231100,黑河市,,prefecture_city,230000,黑龙江省,东北,北方地区,黑河,false,B,,placeholder,
231200,绥化市,,prefecture_city,230000,黑龙江省,东北,北方地区,绥化,false,B,,placeholder,
232700,大兴安岭地区,,prefecture,230000,黑龙江省,东北,北方地区,大兴安岭,false,C,,placeholder,
320100,南京市,,prefecture_city,320000,江苏省,华东,南方地区,南京,true,S,nanjing,live,
320200,无锡市,,prefecture_city,320000,江苏省,华东,南方地区,无锡,true,B,wuxi,live,
320300,徐州市,,prefecture_city,320000,江苏省,华东,南方地区,徐州,false,B,,placeholder,
320400,常州市,,prefecture_city,320000,江苏省,华东,南方地区,常州,false,B,,placeholder,
320500,苏州市,,prefecture_city,320000,江苏省,华东,南方地区,苏州,true,A,suzhou,live,
320600,南通市,,prefecture_city,320000,江苏省,华东,南方地区,南通,false,B,,placeholder,
320700,连云港市,,prefecture_city,320000,江苏省,华东,南方地区,连云港,false,B,,placeholder,
320800,淮安市,,prefecture_city,320000,江苏省,华东,南方地区,淮安,false,B,,placeholder,
320900,盐城市,,prefecture_city,320000,江苏省,华东,南方地区,盐城,false,B,,placeholder,
321000,扬州市,,prefecture_city,320000,江苏省,华东,南方地区,扬州,false,B,,placeholder,
321100,镇江市,,prefecture_city,320000,江苏省,华东,南方地区,镇江,false,B,,placeholder,
321200,泰州市,,prefecture_city,320000,江苏省,华东,南方地区,泰州,false,B,,placeholder,
321300,宿迁市,,prefecture_city,320000,江苏省,华东,南方地区,宿迁,false,B,,placeholder,
330100,杭州市,,prefecture_city,330000,浙江省,华东,南方地区,杭州,true,S,hangzhou,live,
330200,宁波市,,prefecture_city,330000,浙江省,华东,南方地区,宁波,true,A,ningbo,live,
330300,温州市,,prefecture_city,330000,浙江省,华东,南方地区,温州,false,B,,placeholder,
330400,嘉兴市,,prefecture_city,330000,浙江省,华东,南方地区,嘉兴,false,B,,placeholder,
330500,湖州市,,prefecture_city,330000,浙江省,华东,南方地区,湖州,false,B,,placeholder,
330600,绍兴市,,prefecture_city,330000,浙江省,华东,南方地区,绍兴,false,B,,placeholder,
330700,金华市,,prefecture_city,330000,浙江省,华东,南方地区,金华,false,B,,placeholder,
330800,衢州市,,prefecture_city,330000,浙江省,华东,南方地区,衢州,false,B,,placeholder,
330900,舟山市,,prefecture_city,330000,浙江省,华东,南方地区,舟山,false,B,,placeholder,
331000,台州市,,prefecture_city,330000,浙江省,华东,南方地区,台州,false,B,,placeholder,
331100,丽水市,,prefecture_city,330000,浙江省,华东,南方地区,丽水,false,B,,placeholder,
340100,合肥市,,prefecture_city,340000,安徽省,华东,南方地区,合肥,true,A,hefei,live,
340200,芜湖市,,prefecture_city,340000,安徽省,华东,南方地区,芜湖,true,B,wuhu,live,
340300,蚌埠市,,prefecture_city,340000,安徽省,华东,南方地区,蚌埠,false,B,,placeholder,
340400,淮南市,,prefecture_city,340000,安徽省,华东,南方地区,淮南,false,B,,placeholder,
340500,马鞍山市,,prefecture_city,340000,安徽省,华东,南方地区,马鞍山,false,B,,placeholder,
340600,淮北市,,prefecture_city,340000,安徽省,华东,南方地区,淮北,false,B,,placeholder,
340700,铜陵市,,prefecture_city,340000,安徽省,华东,南方地区,铜陵,false,B,,placeholder,
340800,安庆市,,prefecture_city,340000,安徽省,华东,南方地区,安庆,false,B,,placeholder,
341000,黄山市,,prefecture_city,340000,安徽省,华东,南方地区,黄山,false,B,,placeholder,
341100,滁州市,,prefecture_city,340000,安徽省,华东,南方地区,滁州,false,B,,placeholder,
341200,阜阳市,,prefecture_city,340000,安徽省,华东,南方地区,阜阳,false,B,,placeholder,
341300,宿州市,,prefecture_city,340000,安徽省,华东,南方地区,宿州,false,B,,placeholder,
341500,六安市,,prefecture_city,340000,安徽省,华东,南方地区,六安,false,B,,placeholder,
341600,亳州市,,prefecture_city,340000,安徽省,华东,南方地区,亳州,false,B,,placeholder,
341700,池州市,,prefecture_city,340000,安徽省,华东,南方地区,池州,false,B,,placeholder,
341800,宣城市,,prefecture_city,340000,安徽省,华东,南方地区,宣城,false,B,,placeholder,
350100,福州市,,prefecture_city,350000,福建省,华东,南方地区,福州,true,A,fuzhou,live,
350200,厦门市,,prefecture_city,350000,福建省,华东,南方地区,厦门,true,A,xiamen,live,
350300,莆田市,,prefecture_city,350000,福建省,华东,南方地区,莆田,false,B,,placeholder,
350400,三明市,,prefecture_city,350000,福建省,华东,南方地区,三明,false,B,,placeholder,
350500,泉州市,,prefecture_city,350000,福建省,华东,南方地区,泉州,false,B,,placeholder,
350600,漳州市,,prefecture_city,350000,福建省,华东,南方地区,漳州,false,B,,placeholder,
350700,南平市,,prefecture_city,350000,福建省,华东,南方地区,南平,false,B,,placeholder,
350800,龙岩市,,prefecture_city,350000,福建省,华东,南方地区,龙岩,false,B,,placeholder,
350900,宁德市,,prefecture_city,350000,福建省,华东,南方地区,宁德,false,B,,placeholder,
360100,南昌市,,prefecture_city,360000,江西省,华东,南方地区,南昌,true,A,nanchang,live,
360200,景德镇市,,prefecture_city,360000,江西省,华东,南方地区,景德镇,true,B,jingdezhen,live,
360300,萍乡市,,prefecture_city,360000,江西省,华东,南方地区,萍乡,false,B,,placeholder,
360400,九江市,,prefecture_city,360000,江西省,华东,南方地区,九江,false,B,,placeholder,
360500,新余市,,prefecture_city,360000,江西省,华东,南方地区,新余,false,B,,placeholder,
360600,鹰潭市,,prefecture_city,360000,江西省,华东,南方地区,鹰潭,false,B,,placeholder,
360700,赣州市,,prefecture_city,360000,江西省,华东,南方地区,赣州,false,B,,placeholder,
360800,吉安市,,prefecture_city,360000,江西省,华东,南方地区,吉安,false,B,,placeholder,
360900,宜春市,,prefecture_city,360000,江西省,华东,南方地区,宜春,false,B,,placeholder,
361000,抚州市,,prefecture_city,360000,江西省,华东,南方地区,抚州,false,B,,placeholder,
361100,上饶市,,prefecture_city,360000,江西省,华东,南方地区,上饶,false,B,,placeholder,
370100,济南市,,prefecture_city,370000,山东省,华东,北方地区,济南,true,A,jinan,live,
370200,青岛市,,prefecture_city,370000,山东省,华东,北方地区,青岛,true,A,qingdao,live,
370300,淄博市,,prefecture_city,370000,山东省,华东,北方地区,淄博,false,B,,placeholder,
370400,枣庄市,,prefecture_city,370000,山东省,华东,北方地区,枣庄,false,B,,placeholder,
370500,东营市,,prefecture_city,370000,山东省,华东,北方地区,东营,false,B,,placeholder,
370600,烟台市,,prefecture_city,370000,山东省,华东,北方地区,烟台,false,B,,placeholder,
370700,潍坊市,,prefecture_city,370000,山东省,华东,北方地区,潍坊,false,B,,placeholder,
370800,济宁市,,prefecture_city,370000,山东省,华东,北方地区,济宁,false,B,,placeholder,
370900,泰安市,,prefecture_city,370000,山东省,华东,北方地区,泰安,false,B,,placeholder,
371000,威海市,,prefecture_city,370000,山东省,华东,北方地区,威海,false,B,,placeholder,
371100,日照市,,prefecture_city,370000,山东省,华东,北方地区,日照,false,B,,placeholder,
371300,临沂市,,prefecture_city,370000,山东省,华东,北方地区,临沂,false,B,,placeholder,
371400,德州市,,prefecture_city,370000,山东省,华东,北方地区,德州,false,B,,placeholder,
371500,聊城市,,prefecture_city,370000,山东省,华东,北方地区,聊城,false,B,,placeholder,
371600,滨州市,,prefecture_city,370000,山东省,华东,北方地区,滨州,false,B,,placeholder,
371700,菏泽市,,prefecture_city,370000,山东省,华东,北方地区,菏泽,false,B,,placeholder,
410100,郑州市,,prefecture_city,410000,河南省,华中,北方地区,郑州,true,A,zhengzhou,live,
410200,开封市,,prefecture_city,410000,河南省,华中,北方地区,开封,true,B,kaifeng,live,
410300,洛阳市,,prefecture_city,410000,河南省,华中,北方地区,洛阳,true,B,luoyang,live,
410400,平顶山市,,prefecture_city,410000,河南省,华中,北方地区,平顶山,false,B,,placeholder,
410500,安阳市,,prefecture_city,410000,河南省,华中,北方地区,安阳,false,B,,placeholder,
410600,鹤壁市,,prefecture_city,410000,河南省,华中,北方地区,鹤壁,false,B,,placeholder,
410700,新乡市,,prefecture_city,410000,河南省,华中,北方地区,新乡,false,B,,placeholder,
410800,焦作市,,prefecture_city,410000,河南省,华中,北方地区,焦作,false,B,,placeholder,
410900,濮阳市,,prefecture_city,410000,河南省,华中,北方地区,濮阳,false,B,,placeholder,
411000,许昌市,,prefecture_city,410000,河南省,华中,北方地区,许昌,false,B,,placeholder,
411100,漯河市,,prefecture_city,410000,河南省,华中,北方地区,漯河,false,B,,placeholder,
411200,三门峡市,,prefecture_city,410000,河南省,华中,北方地区,三门峡,false,B,,placeholder,
411300,南阳市,,prefecture_city,410000,河南省,华中,北方地区,南阳,false,B,,placeholder,
411400,商丘市,,prefecture_city,410000,河南省,华中,北方地区,商丘,false,B,,placeholder,
411500,信阳市,,prefecture_city,410000,河南省,华中,北方地区,信阳,false,B,,placeholder,
411600,周口市,,prefecture_city,410000,河南省,华中,北方地区,周口,false,B,,placeholder,
411700,驻马店市,,prefecture_city,410000,河南省,华中,北方地区,驻马店,false,B,,placeholder,
420100,武汉市,,prefecture_city,420000,湖北省,华中,南方地区,武汉,true,A,wuhan,live,
420200,黄石市,,prefecture_city,420000,湖北省,华中,南方地区,黄石,false,B,,placeholder,
420300,十堰市,,prefecture_city,420000,湖北省,华中,南方地区,十堰,false,B,,placeholder,
420500,宜昌市,,prefecture_city,420000,湖北省,华中,南方地区,宜昌,false,B,,placeholder,
420600,襄阳市,,prefecture_city,420000,湖北省,华中,南方地区,襄阳,true,B,xiangyang,live,
420700,鄂州市,,prefecture_city,420000,湖北省,华中,南方地区,鄂州,false,B,,placeholder,
420800,荆门市,,prefecture_city,420000,湖北省,华中,南方地区,荆门,false,B,,placeholder,
420900,孝感市,,prefecture_city,420000,湖北省,华中,南方地区,孝感,false,B,,placeholder,
421000,荆州市,,prefecture_city,420000,湖北省,华中,南方地区,荆州,false,B,,placeholder,
421100,黄冈市,,prefecture_city,420000,湖北省,华中,南方地区,黄冈,false,B,,placeholder,
421200,咸宁市,,prefecture_city,420000,湖北省,华中,南方地区,咸宁,false,B,,placeholder,
421300,随州市,,prefecture_city,420000,湖北省,华中,南方地区,随州,false,B,,placeholder,
422800,恩施土家族苗族自治州,,autonomous_prefecture,420000,湖北省,华中,南方地区,恩施土家族苗,false,C,,placeholder,
430100,长沙市,,prefecture_city,430000,湖南省,华中,南方地区,长沙,true,A,changsha,live,
430200,株洲市,,prefecture_city,430000,湖南省,华中,南方地区,株洲,true,B,zhuzhou,live,
430300,湘潭市,,prefecture_city,430000,湖南省,华中,南方地区,湘潭,false,B,,placeholder,
430400,衡阳市,,prefecture_city,430000,湖南省,华中,南方地区,衡阳,false,B,,placeholder,
430500,邵阳市,,prefecture_city,430000,湖南省,华中,南方地区,邵阳,false,B,,placeholder,
430600,岳阳市,,prefecture_city,430000,湖南省,华中,南方地区,岳阳,false,B,,placeholder,
430700,常德市,,prefecture_city,430000,湖南省,华中,南方地区,常德,false,B,,placeholder,
430800,张家界市,,prefecture_city,430000,湖南省,华中,南方地区,张家界,false,B,,placeholder,
430900,益阳市,,prefecture_city,430000,湖南省,华中,南方地区,益阳,false,B,,placeholder,
431000,郴州市,,prefecture_city,430000,湖南省,华中,南方地区,郴州,false,B,,placeholder,
431100,永州市,,prefecture_city,430000,湖南省,华中,南方地区,永州,false,B,,placeholder,
431200,怀化市,,prefecture_city,430000,湖南省,华中,南方地区,怀化,false,B,,placeholder,
431300,娄底市,,prefecture_city,430000,湖南省,华中,南方地区,娄底,false,B,,placeholder,
433100,湘西土家族苗族自治州,,autonomous_prefecture,430000,湖南省,华中,南方地区,湘西土家族苗,false,C,,placeholder,
440100,广州市,,prefecture_city,440000,广东省,华南,南方地区,广州,true,A,guangzhou,live,
440200,韶关市,,prefecture_city,440000,广东省,华南,南方地区,韶关,false,B,,placeholder,
440300,深圳市,,prefecture_city,440000,广东省,华南,南方地区,深圳,true,A,shenzhen,live,
440400,珠海市,,prefecture_city,440000,广东省,华南,南方地区,珠海,false,B,,placeholder,
440500,汕头市,,prefecture_city,440000,广东省,华南,南方地区,汕头,false,B,,placeholder,
440600,佛山市,,prefecture_city,440000,广东省,华南,南方地区,佛山,true,B,foshan,live,
440700,江门市,,prefecture_city,440000,广东省,华南,南方地区,江门,false,B,,placeholder,
440800,湛江市,,prefecture_city,440000,广东省,华南,南方地区,湛江,false,B,,placeholder,
440900,茂名市,,prefecture_city,440000,广东省,华南,南方地区,茂名,false,B,,placeholder,
441200,肇庆市,,prefecture_city,440000,广东省,华南,南方地区,肇庆,false,B,,placeholder,
441300,惠州市,,prefecture_city,440000,广东省,华南,南方地区,惠州,false,B,,placeholder,
441400,梅州市,,prefecture_city,440000,广东省,华南,南方地区,梅州,false,B,,placeholder,
441500,汕尾市,,prefecture_city,440000,广东省,华南,南方地区,汕尾,false,B,,placeholder,
441600,河源市,,prefecture_city,440000,广东省,华南,南方地区,河源,false,B,,placeholder,
441700,阳江市,,prefecture_city,440000,广东省,华南,南方地区,阳江,false,B,,placeholder,
441800,清远市,,prefecture_city,440000,广东省,华南,南方地区,清远,false,B,,placeholder,
441900,东莞市,,prefecture_city,440000,广东省,华南,南方地区,东莞,false,B,,placeholder,
442000,中山市,,prefecture_city,440000,广东省,华南,南方地区,中山,false,B,,placeholder,
445100,潮州市,,prefecture_city,440000,广东省,华南,南方地区,潮州,false,B,,placeholder,
445200,揭阳市,,prefecture_city,440000,广东省,华南,南方地区,揭阳,false,B,,placeholder,
445300,云浮市,,prefecture_city,440000,广东省,华南,南方地区,云浮,false,B,,placeholder,
450100,南宁市,,prefecture_city,450000,广西壮族自治区,华南,南方地区,南宁,true,A,nanning,live,
450200,柳州市,,prefecture_city,450000,广西壮族自治区,华南,南方地区,柳州,false,B,,placeholder,
450300,桂林市,,prefecture_city,450000,广西壮族自治区,华南,南方地区,桂林,true,B,guilin,live,
450400,梧州市,,prefecture_city,450000,广西壮族自治区,华南,南方地区,梧州,false,B,,placeholder,
450500,北海市,,prefecture_city,450000,广西壮族自治区,华南,南方地区,北海,false,B,,placeholder,
450600,防城港市,,prefecture_city,450000,广西壮族自治区,华南,南方地区,防城港,false,B,,placeholder,
450700,钦州市,,prefecture_city,450000,广西壮族自治区,华南,南方地区,钦州,false,B,,placeholder,
450800,贵港市,,prefecture_city,450000,广西壮族自治区,华南,南方地区,贵港,false,B,,placeholder,
450900,玉林市,,prefecture_city,450000,广西壮族自治区,华南,南方地区,玉林,false,B,,placeholder,
451000,百色市,,prefecture_city,450000,广西壮族自治区,华南,南方地区,百色,false,B,,placeholder,
451100,贺州市,,prefecture_city,450000,广西壮族自治区,华南,南方地区,贺州,false,B,,placeholder,
451200,河池市,,prefecture_city,450000,广西壮族自治区,华南,南方地区,河池,false,B,,placeholder,
451300,来宾市,,prefecture_city,450000,广西壮族自治区,华南,南方地区,来宾,false,B,,placeholder,
451400,崇左市,,prefecture_city,450000,广西壮族自治区,华南,南方地区,崇左,false,B,,placeholder,
460100,海口市,,prefecture_city,460000,海南省,华南,南方地区,海口,true,A,haikou,live,
460200,三亚市,,prefecture_city,460000,海南省,华南,南方地区,三亚,true,B,sanya,live,
460300,三沙市,,prefecture_city,460000,海南省,华南,南方地区,三沙,false,N,,placeholder,
460400,儋州市,,prefecture_city,460000,海南省,华南,南方地区,儋州,false,B,,placeholder,
510100,成都市,,prefecture_city,510000,四川省,西南,南方地区,成都,true,A,chengdu,live,
510300,自贡市,,prefecture_city,510000,四川省,西南,南方地区,自贡,false,B,,placeholder,
510400,攀枝花市,,prefecture_city,510000,四川省,西南,南方地区,攀枝花,false,B,,placeholder,
510500,泸州市,,prefecture_city,510000,四川省,西南,南方地区,泸州,false,B,,placeholder,
510600,德阳市,,prefecture_city,510000,四川省,西南,南方地区,德阳,false,B,,placeholder,
510700,绵阳市,,prefecture_city,510000,四川省,西南,南方地区,绵阳,true,B,mianyang,live,
510800,广元市,,prefecture_city,510000,四川省,西南,南方地区,广元,false,B,,placeholder,
510900,遂宁市,,prefecture_city,510000,四川省,西南,南方地区,遂宁,false,B,,placeholder,
511000,内江市,,prefecture_city,510000,四川省,西南,南方地区,内江,false,B,,placeholder,
511100,乐山市,,prefecture_city,510000,四川省,西南,南方地区,乐山,true,B,leshan,live,
511300,南充市,,prefecture_city,510000,四川省,西南,南方地区,南充,false,B,,placeholder,
511400,眉山市,,prefecture_city,510000,四川省,西南,南方地区,眉山,false,B,,placeholder,
511500,宜宾市,,prefecture_city,510000,四川省,西南,南方地区,宜宾,false,B,,placeholder,
511600,广安市,,prefecture_city,510000,四川省,西南,南方地区,广安,false,B,,placeholder,
511700,达州市,,prefecture_city,510000,四川省,西南,南方地区,达州,false,B,,placeholder,
511800,雅安市,,prefecture_city,510000,四川省,西南,南方地区,雅安,false,B,,placeholder,
511900,巴中市,,prefecture_city,510000,四川省,西南,南方地区,巴中,false,B,,placeholder,
512000,资阳市,,prefecture_city,510000,四川省,西南,南方地区,资阳,false,B,,placeholder,
513200,阿坝藏族羌族自治州,,autonomous_prefecture,510000,四川省,西南,南方地区,阿坝藏族羌,false,C,,placeholder,
513300,甘孜藏族自治州,,autonomous_prefecture,510000,四川省,西南,南方地区,甘孜藏,false,C,,placeholder,
513400,凉山彝族自治州,,autonomous_prefecture,510000,四川省,西南,南方地区,凉山彝,false,C,,placeholder,
520100,贵阳市,,prefecture_city,520000,贵州省,西南,南方地区,贵阳,true,A,guiyang,live,
520200,六盘水市,,prefecture_city,520000,贵州省,西南,南方地区,六盘水,false,B,,placeholder,
520300,遵义市,,prefecture_city,520000,贵州省,西南,南方地区,遵义,true,B,zunyi,live,
520400,安顺市,,prefecture_city,520000,贵州省,西南,南方地区,安顺,false,B,,placeholder,
520500,毕节市,,prefecture_city,520000,贵州省,西南,南方地区,毕节,false,B,,placeholder,
520600,铜仁市,,prefecture_city,520000,贵州省,西南,南方地区,铜仁,false,B,,placeholder,
522300,黔西南布依族苗族自治州,,autonomous_prefecture,520000,贵州省,西南,南方地区,黔西南布依族苗,false,C,,placeholder,
522600,黔东南苗族侗族自治州,,autonomous_prefecture,520000,贵州省,西南,南方地区,黔东南苗族侗,false,C,,placeholder,
522700,黔南布依族苗族自治州,,autonomous_prefecture,520000,贵州省,西南,南方地区,黔南布依族苗,false,C,,placeholder,
530100,昆明市,,prefecture_city,530000,云南省,西南,南方地区,昆明,true,A,kunming,live,
530300,曲靖市,,prefecture_city,530000,云南省,西南,南方地区,曲靖,true,B,qujing,live,
530400,玉溪市,,prefecture_city,530000,云南省,西南,南方地区,玉溪,false,B,,placeholder,
530500,保山市,,prefecture_city,530000,云南省,西南,南方地区,保山,false,B,,placeholder,
530600,昭通市,,prefecture_city,530000,云南省,西南,南方地区,昭通,false,B,,placeholder,
530700,丽江市,,prefecture_city,530000,云南省,西南,南方地区,丽江,false,B,,placeholder,
530800,普洱市,,prefecture_city,530000,云南省,西南,南方地区,普洱,false,B,,placeholder,
530900,临沧市,,prefecture_city,530000,云南省,西南,南方地区,临沧,false,B,,placeholder,
532300,楚雄彝族自治州,,autonomous_prefecture,530000,云南省,西南,南方地区,楚雄彝,false,C,,placeholder,
532500,红河哈尼族彝族自治州,,autonomous_prefecture,530000,云南省,西南,南方地区,红河哈尼族彝,false,C,,placeholder,
532600,文山壮族苗族自治州,,autonomous_prefecture,530000,云南省,西南,南方地区,文山壮族苗,false,C,,placeholder,
532800,西双版纳傣族自治州,,autonomous_prefecture,530000,云南省,西南,南方地区,西双版纳傣,false,C,,placeholder,
532900,大理白族自治州,,autonomous_prefecture,530000,云南省,西南,南方地区,大理白,false,C,,placeholder,
533100,德宏傣族景颇族自治州,,autonomous_prefecture,530000,云南省,西南,南方地区,德宏傣族景颇,false,C,,placeholder,
533300,怒江傈僳族自治州,,autonomous_prefecture,530000,云南省,西南,南方地区,怒江傈僳,false,C,,placeholder,
533400,迪庆藏族自治州,,autonomous_prefecture,530000,云南省,西南,南方地区,迪庆藏,false,C,,placeholder,
540100,拉萨市,,prefecture_city,540000,西藏自治区,西南,青藏地区,拉萨,true,A,lhasa,live,
540200,日喀则市,,prefecture_city,540000,西藏自治区,西南,青藏地区,日喀则,true,B,shigatse,live,
540300,昌都市,,prefecture_city,540000,西藏自治区,西南,青藏地区,昌都,false,B,,placeholder,
540400,林芝市,,prefecture_city,540000,西藏自治区,西南,青藏地区,林芝,false,B,,placeholder,
540500,山南市,,prefecture_city,540000,西藏自治区,西南,青藏地区,山南,false,B,,placeholder,
540600,那曲市,,prefecture_city,540000,西藏自治区,西南,青藏地区,那曲,false,B,,placeholder,
542500,阿里地区,,prefecture,540000,西藏自治区,西南,青藏地区,阿里,false,C,,placeholder,
610100,西安市,,prefecture_city,610000,陕西省,西北,北方地区,西安,true,A,xian,live,
610200,铜川市,,prefecture_city,610000,陕西省,西北,北方地区,铜川,false,B,,placeholder,
610300,宝鸡市,,prefecture_city,610000,陕西省,西北,北方地区,宝鸡,true,B,baoji,live,
610400,咸阳市,,prefecture_city,610000,陕西省,西北,北方地区,咸阳,true,B,xianyang,live,
610500,渭南市,,prefecture_city,610000,陕西省,西北,北方地区,渭南,false,B,,placeholder,
610600,延安市,,prefecture_city,610000,陕西省,西北,北方地区,延安,false,B,,placeholder,
610700,汉中市,,prefecture_city,610000,陕西省,西北,北方地区,汉中,false,B,,placeholder,
610800,榆林市,,prefecture_city,610000,陕西省,西北,北方地区,榆林,false,B,,placeholder,
610900,安康市,,prefecture_city,610000,陕西省,西北,北方地区,安康,false,B,,placeholder,
611000,商洛市,,prefecture_city,610000,陕西省,西北,北方地区,商洛,false,B,,placeholder,
620100,兰州市,,prefecture_city,620000,甘肃省,西北,西北地区,兰州,true,A,lanzhou,live,
620200,嘉峪关市,,prefecture_city,620000,甘肃省,西北,西北地区,嘉峪关,false,B,,placeholder,
620300,金昌市,,prefecture_city,620000,甘肃省,西北,西北地区,金昌,false,B,,placeholder,
620400,白银市,,prefecture_city,620000,甘肃省,西北,西北地区,白银,false,B,,placeholder,
620500,天水市,,prefecture_city,620000,甘肃省,西北,西北地区,天水,false,B,,placeholder,
620600,武威市,,prefecture_city,620000,甘肃省,西北,西北地区,武威,false,B,,placeholder,
620700,张掖市,,prefecture_city,620000,甘肃省,西北,西北地区,张掖,false,B,,placeholder,
620800,平凉市,,prefecture_city,620000,甘肃省,西北,西北地区,平凉,false,B,,placeholder,
620900,酒泉市,,prefecture_city,620000,甘肃省,西北,西北地区,酒泉,true,B,jiuquan,live,
621000,庆阳市,,prefecture_city,620000,甘肃省,西北,西北地区,庆阳,false,B,,placeholder,
621100,定西市,,prefecture_city,620000,甘肃省,西北,西北地区,定西,false,B,,placeholder,
621200,陇南市,,prefecture_city,620000,甘肃省,西北,西北地区,陇南,false,B,,placeholder,
622900,临夏回族自治州,,autonomous_prefecture,620000,甘肃省,西北,西北地区,临夏回,false,C,,placeholder,
623000,甘南藏族自治州,,autonomous_prefecture,620000,甘肃省,西北,西北地区,甘南藏,false,C,,placeholder,
630100,西宁市,,prefecture_city,630000,青海省,西北,青藏地区,西宁,true,A,xining,live,
630200,海东市,,prefecture_city,630000,青海省,西北,青藏地区,海东,true,B,haidong,live,
632200,海北藏族自治州,,autonomous_prefecture,630000,青海省,西北,青藏地区,海北藏,false,C,,placeholder,
632300,黄南藏族自治州,,autonomous_prefecture,630000,青海省,西北,青藏地区,黄南藏,false,C,,placeholder,
632500,海南藏族自治州,,autonomous_prefecture,630000,青海省,西北,青藏地区,海南藏,false,C,,placeholder,
632600,果洛藏族自治州,,autonomous_prefecture,630000,青海省,西北,青藏地区,果洛藏,false,C,,placeholder,
632700,玉树藏族自治州,,autonomous_prefecture,630000,青海省,西北,青藏地区,玉树藏,false,C,,placeholder,
632800,海西蒙古族藏族自治州,,autonomous_prefecture,630000,青海省,西北,青藏地区,海西蒙古族藏,false,C,,placeholder,
640100,银川市,,prefecture_city,640000,宁夏回族自治区,西北,西北地区,银川,true,A,yinchuan,live,
640200,石嘴山市,,prefecture_city,640000,宁夏回族自治区,西北,西北地区,石嘴山,true,B,shizuishan,live,
640300,吴忠市,,prefecture_city,640000,宁夏回族自治区,西北,西北地区,吴忠,false,B,,placeholder,
640400,固原市,,prefecture_city,640000,宁夏回族自治区,西北,西北地区,固原,false,B,,placeholder,
640500,中卫市,,prefecture_city,640000,宁夏回族自治区,西北,西北地区,中卫,false,B,,placeholder,
650100,乌鲁木齐市,,prefecture_city,650000,新疆维吾尔自治区,西北,西北地区,乌鲁木齐,true,S,urumqi,live,
650200,克拉玛依市,,prefecture_city,650000,新疆维吾尔自治区,西北,西北地区,克拉玛依,true,B,kelamayi,live,
650400,吐鲁番市,,prefecture_city,650000,新疆维吾尔自治区,西北,西北地区,吐鲁番,false,B,,placeholder,
650500,哈密市,,prefecture_city,650000,新疆维吾尔自治区,西北,西北地区,哈密,false,B,,placeholder,
652300,昌吉回族自治州,,autonomous_prefecture,650000,新疆维吾尔自治区,西北,西北地区,昌吉回,false,C,,placeholder,
652700,博尔塔拉蒙古自治州,,autonomous_prefecture,650000,新疆维吾尔自治区,西北,西北地区,博尔塔拉蒙古,false,C,,placeholder,
652800,巴音郭楞蒙古自治州,,autonomous_prefecture,650000,新疆维吾尔自治区,西北,西北地区,巴音郭楞蒙古,false,C,,placeholder,
652900,阿克苏地区,,prefecture,650000,新疆维吾尔自治区,西北,西北地区,阿克苏,false,C,,placeholder,
653000,克孜勒苏柯尔克孜自治州,,autonomous_prefecture,650000,新疆维吾尔自治区,西北,西北地区,克孜勒苏柯尔克孜,false,C,,placeholder,
653100,喀什地区,,prefecture,650000,新疆维吾尔自治区,西北,西北地区,喀什,false,C,,placeholder,
653200,和田地区,,prefecture,650000,新疆维吾尔自治区,西北,西北地区,和田,false,C,,placeholder,
654000,伊犁哈萨克自治州,,autonomous_prefecture,650000,新疆维吾尔自治区,西北,西北地区,伊犁哈萨克,false,C,,placeholder,
654200,塔城地区,,prefecture,650000,新疆维吾尔自治区,西北,西北地区,塔城,false,C,,placeholder,
654300,阿勒泰地区,,prefecture,650000,新疆维吾尔自治区,西北,西北地区,阿勒泰,false,C,,placeholder,
110100,北京主城,京,municipality_city,110000,北京市,华北,北方地区,北京,true,S,beijing,live,"北京,首都,京"
310100,上海主城,沪,municipality_city,310000,上海市,华东,南方地区,上海,true,A,shanghai,live,"上海,沪,申"
120100,天津主城,津,municipality_city,120000,天津市,华北,北方地区,天津,true,A,tianjin,live,"天津,津"
500100,重庆主城,渝,municipality_city,500000,重庆市,西南,南方地区,重庆,true,S,chongqing,live,"重庆,渝"
710100,台北教学包,台,province_directly,710000,台湾省,华东,南方地区,台北,true,D,taipei,live,"台北,台"
810100,香港主城,港,municipality_city,810000,香港特别行政区,华南,南方地区,香港,true,S,hongkong,live,"香港,港"
820100,澳门主城,澳,municipality_city,820000,澳门特别行政区,华南,南方地区,澳门,true,A,macau,live,"澳门,澳"
419001,济源市,,province_directly,410000,河南省,华中,北方地区,济源,false,D,,placeholder,
429004,仙桃市,,province_directly,420000,湖北省,华中,南方地区,仙桃,false,D,,placeholder,
429005,潜江市,,province_directly,420000,湖北省,华中,南方地区,潜江,false,D,,placeholder,
429006,天门市,,province_directly,420000,湖北省,华中,南方地区,天门,false,D,,placeholder,
429021,神农架林区,,province_directly,420000,湖北省,华中,南方地区,神农架,false,D,,placeholder,
